waterLevel,desiredWaterLevel
154,152
154,152
154,152
154,152
154,152
154,152
154,152
154,152
154,152
154,152
154,152
154,152
154,152
154,152
154,152
154,152
154,152
154,152
154,152
153,152
153,152
153,152
153,152
153,152
153,152
153,152
153,152
153,152
153,152
153,152
153,152
153,152
153,152
153,152
153,152
153,152
153,152
153,152
153,152
153,152
153,152
153,152
153,152
153,152
152,152
153,152
152,152
152,152
152,152
152,152
152,152
152,152
152,152